prompt_id,source,helpfulness,correctness,clarity,overall,reason
064fa9fa9d7831b705c58f4373041dff5d0f75fcf35fba7a3ccd76afc9548b32,base,7.0,8.0,8.0,7.667,"The response adequately interprets the poem and answers the question, but offers only a moderate depth of analysis and could be more precise."
30e3f0d52606b067a300dfcedd03e50bb13fe251199ef8ef9f9909b4be166eb2,base,4.0,7.0,6.0,5.667,"The response is well‑structured but incomplete, missing key sections like metrics, brand voice guidelines, SEO tactics, and a full content calendar with dates."
d0b8875d1bc67b48c0d03a5677421e1b8b35d11221764e783cecd49a0f6e8f02,base,5.0,6.0,5.0,5.333,"The answer is partially accurate and organized but is incomplete and contains some questionable claims, reducing its overall usefulness."
3c7b53492f50079af3487bb3b25babc0c56ce8ecf93129ace5044a024ff2b13b,base,3.0,3.0,5.0,3.667,"The response deviates from the given instructions, omits key steps and ingredients, and is incomplete, though its formatting is fairly clear."
d0e545fb9d02cba30c18ee803c10b98f5787d78feb2d3ce6c8171f33e0017b75,base,3.0,8.0,8.0,6.333,The reply asks for clarification instead of providing the requested information about 1 cup of sugar.
38f3eb988eab340fe744d9cd48447e86376df011ce192073626eb8f4c98e94be,base,5.0,5.0,6.0,5.333,"The answer mentions changing intervalspy but adds confusing, partly incorrect commentary and incomplete code, reducing its usefulness and accuracy."
7726a05ffd25a922137b07a7ccd9e78587e217df901669e10532dc12e8db8e62,base,5.0,5.0,6.0,5.333,"The answer lists a few major Asian cities with generic benefits but is incomplete, lacks data to support the claim of highest numbers, and cuts off mid‑section."
45a804f94f83af5948685fb03f1d3662b1d54aca2ee081f7ed84115669ae18b9,base,7.0,5.0,8.0,6.667,"The answer is well‑structured and addresses each profession, but it adds details not supported by the provided material, reducing factual accuracy."
1ff7ca762eb8ff8d461a1403457b5f71bfb4bc24542072219692a71d3a66a5a8,base,8.0,8.0,9.0,8.333,"It provides a clear, simpler rephrasing that captures the main idea, though it slightly mischaracterizes 'success stories' as 'happy animals'."
bdb56a75ff276815639235172288840d22a8d8126a0d0bdf68fdc929a18b4536,base,8.0,9.0,9.0,8.667,"Provides a thorough, well‑structured answer that directly addresses performance and economy, with accurate product details"
bee7d0f882f3aaf51539dda79c707982d4438640c4dde91d4e61e4699099cc38,base,5.0,6.0,6.0,5.667,"The response outlines benefits and significance but is incomplete and lacks depth, limiting its usefulness."
905488eb362f5a345f5241296719a4b2c85bc5b89bde2643b8db7ace6194c3db,base,8.0,8.0,9.0,8.333,"Well‑structured answer covering most steps, but missing the suggested two‑hour rest after the bath."
efc9085d0490b004ad342b74c3912fd2b8ce92e280d73e8501f8d316963c9143,base,8.0,9.0,9.0,8.667,"Accurately answers the question with clear, correct details, but offers limited additional insight."
fb27b8cb2950e96f78d26f5654bb0ddd4a264abb00ccc520d5511bfe535dfe6c,base,7.0,8.0,8.0,7.667,"Answers the question but omits the requested promotional style, otherwise clear and accurate."
a363140123a2148353d456c302c4bf550c16bfc6268ffbd25693e3388bfd8132,base,4.0,6.0,7.0,5.667,"The answer is well‑formatted but cuts off mid‑instruction, leaving the recipe incomplete and thus not fully helpful."
5e0aef6dede6b834c36fc289d65ed75922f19369c16b3680a474483a381bb60e,base,5.0,8.0,7.0,6.667,"Well‑structured and accurate suggestions but the response is incomplete, limiting its usefulness."
9040f51c1e579979b013e33ea071fef7335c1f77fb234984e0b6d315e1cccc4c,base,9.0,10.0,9.0,9.333,"Provides clear, correct code with good comments, though lacks explicit test examples"
7663a98d3e0037e22a89721b9768c4c3433f399ee75b4ee83b43e28daa2a7af1,base,5.0,7.0,6.0,6.0,"The answer outlines early stages accurately but is incomplete, ending abruptly and omitting later publication steps, reducing its overall usefulness."
60e20b10a2f79212779b207bc0c34b130c95080cb1c7156edb55a1cd5315e1f1,base,9.0,9.0,9.0,9.0,Accurately lists all figures and committees with clear formatting
765f19aee03e75d1da6a096c653d31c66c0e8c578de5f8be9d63985c1a6e9759,base,5.0,8.0,7.0,6.667,"The guide is clear and mostly accurate but is incomplete and stops abruptly, limiting its usefulness."
3e4888a9efb6f96bf104b2b4768d9d049ae1e2cc2067d7032fabacbb79d6945f,base,5.0,7.0,7.0,6.333,"Provides vague scope and generic sustainability details, missing specific 70,000 SF renovation info"
0e22e3f558993a53266ccf89593ded047dd356c41432c535acbf757fe60685b5,base,3.0,2.0,5.0,3.333,"The answer notes Dijkstra's limitation with negative edges but fails to provide a correct solution for them and includes incomplete, buggy code."
451afe34fc572bfa5e1ae515f13c37c742ec457ed9462ebcaf89b0c8c4a3da40,base,7.0,9.0,9.0,8.333,"Provides a well‑structured press‑release template but leaves key details as placeholders, limiting immediate usefulness"
0971464c23b2bf580fd0cf6864eeb2863783fbb6cd476727f2cf05c893506581,base,5.0,6.0,6.0,5.667,"The response is well‑structured but incomplete, missing major sections and full citations, limiting its usefulness."
b811401b346e5241401b69b401f89d1a5b42489ff1dd385112bb7c9c7fbaaca2,base,4.0,7.0,6.0,5.667,"The answer is incomplete and fails to meet the length requirement, reducing its usefulness despite being generally clear and factually sound."
b8f0e3b5c5674ea0862019effc46e3304f79e56bc3ce86e879ae9b1fda536a39,base,7.0,9.0,8.0,8.0,The answer covers most requested elements with clear headings but lacks depth in tool selection criteria and detailed training guidance.
428eb5008c91dbeb3596dcc60a7fe113ca237d027ddc122d600a030c15283136,base,6.0,5.0,7.0,6.0,"Provides a structured plan with visuals and accessibility notes, but timing exceeds one hour and lacks some concrete material details."
83b07004eab0776aa0baaff9ee35f0a4d70f00f40735a0f57c2d5c054d57e00c,base,3.0,6.0,5.0,4.667,"The answer is incomplete, offers generic AI‑centric explanations instead of personal finance reflections, and stops mid‑sentence, reducing usefulness despite generally correct information."
420f3fe9bb037b6648433c3abfd0a3a80629e6701633d7d76b4dc9620b3e5c54,base,6.0,8.0,7.0,7.0,"The answer covers the main points but is cut off before finishing, reducing usefulness despite being accurate and well‑structured."
9fba18e0fa2272f76899085c1fcd83473e1bfa3d8b00b2b799f7a9893e2279d2,base,9.0,9.0,9.0,9.0,"Provides a correct, complete example with clear explanation, meeting the request well"
5c8e04e5f48f922f57dfd0cdc2fc166c840422f2dc7d216d65f77d3de54f256a,base,8.0,9.0,9.0,8.667,"The response accurately paraphrases the press release, is factually sound, and is clearly presented, though it omits the specific August release detail."
d9c3f0a2e2d6b8f018d7010917bb2042059759db0d97d030d09e956bbae7742e,base,4.0,7.0,6.0,5.667,"The answer is incomplete, under 500 words, and lacks full reflection, reducing its usefulness despite being reasonably clear and factually sound."
f66794fbced290711686e65b00c5e152eb5689fd87360de579d9009b924231fa,base,4.0,5.0,6.0,5.0,"The response provides an incomplete example, lacks a full solution and automation details, and contains some inaccuracies about required gems."
5934f8e7a68db842a8185f20318e3ab80a392241d0b41217d005c435407ddbdc,base,2.0,7.0,8.0,5.667,"The reply fails to give the requested bug details and merely asks for more information, offering little value despite being clear and factually safe."
119598e17899976d3bd01029d5248660b3ae242da836ae5640261faa85f56472,base,7.0,8.0,7.0,7.333,Good overview but incomplete final point and minor gaps reduce the score.
7f6eb4abe94677839292e5b69e8063814155e907229978a2b796ec1bf66f95bf,base,5.0,4.0,6.0,5.0,The answer is organized but incomplete and contains several factual inaccuracies about early Frankish Christianity.
8167ce1423d95a2056983d984b6a80e4e9af0cd06878d2960c011266a7fcbe5a,base,3.0,5.0,5.0,4.333,"The response is incomplete, missing detailed analysis, data, sources, and actionable recommendations, limiting its usefulness despite a clear structure."
4f17d4ec7122f8fb79cbfdb3a431ed953d54c45257b32ebc166d67cb1308a392,base,5.0,4.0,5.0,4.667,"The answer lists venues with activities and lodging but is incomplete, contains possibly fictional or inaccurate details, and stops abruptly, reducing its usefulness and accuracy."
e33c2acab0750fb055db77abb52a8f7dd9dc7d3433abf206c5efdc0efd410c19,base,4.0,4.0,5.0,4.333,"The response is incomplete and fails to meet the full request, offering limited content and missing visuals and CTA."
ebe9d02693cfb7982d0ec85e0f12f239c4433dd426a9b06d3bc0380b4ba4f70c,base,5.0,6.0,6.0,5.667,"The reply is incomplete, generic, and lacks detailed, accurate cultural specifics, though it is reasonably organized."
2c562f3dfbeea2e817551593ddb63095f74fd0d7eee238b66dc15eee6d4fd85d,base,4.0,4.0,5.0,4.333,"The response is incomplete and lacks full implementation details, reducing its usefulness and correctness."
2bc92d73ac5bb00a3dbcdf5cf82c16ac48f1d6129689663b587499d13b81ccfd,base,4.0,7.0,6.0,5.667,"The response is well‑structured but incomplete, missing large portions of the requested plan such as activities, speakers, execution details, measurement, and impact explanation."
f7850f8da6cd76cddcf77a5b9cd16f2f8a3206eb6a521aa9c097af3ef05fa4b4,base,5.0,6.0,5.0,5.333,"The answer offers a partially organized checklist but is incomplete and omits many requested elements, limiting its usefulness."
a46895655983a2a15c87ec9300dceed141d1ca95db02a981dc78b5c755c0fde4,base,5.0,8.0,8.0,7.0,"It lists several popular beaches but fails to name a single most popular one, though the information given is accurate and clearly presented."
04ad7c871f796a4f3d7317feb860ac4629c73ac1fcaa22be2475249bfa6b6fc3,base,8.0,9.0,9.0,8.667,"The answer addresses the question with relevant details and clear bullet points, though it adds minor inferred content not explicit in the passage."
906e4b39a22f06b2d4b6c13713820379d97ef2f3b1f51061069813880e23ccac,base,8.0,7.0,9.0,8.0,The answer summarizes the requested information clearly but adds speculative details that aren't supported by the prompt.
2d0aa72d42a4d2da23cc7675d45b8891af5559112d30eec796b92b821a33bcc8,base,2.0,3.0,5.0,3.333,The response fails to answer how the Dodgers and Padres performed in their recent head‑to‑head games and contains inaccurate details.
f10b352e528fa309d360f0d9a479c4dd34521f74aaf0a9b509b01d8c447b3a8e,base,9.0,9.0,9.0,9.0,"Provides a concise, accurate summary of the company's history and client base with clear organization"
5de80eee1c78ac30688d81dbfdd7518c9ca7eff897f28b46468ad31b17d1bab4,base,5.0,6.0,5.0,5.333,"The answer outlines many features and a tech stack but is incomplete and contains some questionable choices, reducing its overall usefulness."
42a80642400729dfcbd26faab2cc9d3cc96302d2b90e473f67d7e393a82a0d72,base,5.0,8.0,6.0,6.333,"The dialogue meets the request but is incomplete and ends abruptly, reducing its usefulness despite being clear and factually sound."
d37d1aa1ec63d0903173f3e5fd6078a1796d1cf8d4f9063b3d1c0e1033a1fd6e,base,5.0,7.0,6.0,6.0,"The answer offers useful tips but is incomplete and stops mid‑instruction, limiting its overall usefulness."
b51a3181b52d41726cd6d3a01520df8e86a67c3bc08870393741e4a6bae71465,base,3.0,8.0,6.0,5.667,"The response is incomplete, missing a clear thesis, citations, and full narrative, though the portion provided is factually sound and reasonably clear."
a59556ee84809859114cb97a7aeb272f1471d2607464f117e070d7933a0b3b58,base,9.0,10.0,9.0,9.333,"The response delivers a vivid, action‑packed spy story with background, motives, obstacles, twists and a satisfying conclusion, well‑structured and factually sound."
4e4bb9f0c55b6af58fa5f0fdd7ddf5b94d817d12bb9a25cfff0bfe80242f9478,base,4.0,6.0,5.0,5.0,"The answer is incomplete, missing examples and full comparison, limiting its usefulness despite being generally accurate and readable"
20552617cb7d7239ffa52d4f3951bd64982bd0f28bb17513812a225c09044484,base,7.0,7.0,8.0,7.333,"The answer gives a clear, organized summary that addresses the request, but its interpretation is somewhat generic and not definitively accurate."
350e5980c91447aeb30a0ffdd818aff290f9f64cc2921210967a85b908fdb6a8,base,8.0,9.0,8.0,8.333,Provides a solid summary but omits minor details like the contact email and could be more concise
27e3816f78ed59a50ee343d6c7a751e2404e233e7bd7a7f327751f1556de0eee,base,4.0,5.0,6.0,5.0,"The answer is clear but incomplete, missing cooking time, many requested tips, substitutions, and ends abruptly, reducing its usefulness."
65a978a58088e0aa03d392da9536ee1cc5a4c6d418896942501a0026938f5f53,base,6.0,9.0,8.0,7.667,"The lyrics are clear and well‑structured but only partially cover the requested themes of communication, trust, and specific long‑distance struggles."
2f4ec066a17cae0a07b908eb451e3f70ca569a5dd77da271861643581f91dcdf,base,4.0,8.0,8.0,6.667,The reply is clear and factually correct but offers generic advice without addressing the likely intent for specific measurement or usage details.
69706549bd0566ce93d482016449b3f46fedf9a4a334dbc7c0b73fe92d574d78,base,2.0,8.0,9.0,6.333,"The reply asks for clarification instead of providing solutions, so it does not address the request."
c7a8ae753773498dd78064756e300ac623e21ce5db20e1e4746c50aa3bb582c8,base,9.0,9.0,9.0,9.0,"The response delivers an engaging, well‑structured Facebook post that meets all requirements, with clear details, promotion, and hashtags."
3087b530ae6fc98c664b93c19c9781cb4cfff8579f78ba948924a0d30b091512,base,4.0,6.0,5.0,5.0,"The response only partially answers the question and is cut off, limiting its usefulness despite being generally clear and mostly accurate."
dc8e74a280e75266560df70f4a6e95909e5997dbaf4341f7fc376a10ca8c6f74,base,4.0,6.0,5.0,5.0,"The answer is incomplete and thus only partially addresses the question, though the points made are generally accurate and reasonably clear."
b4eb413353ec32d622e12e9b4e099735f0d004dd0c6e6dd99e2d7d9327d7b6af,base,4.0,6.0,5.0,5.0,"The response is cut off and incomplete, limiting its usefulness despite generally reasonable styling tips."
0fc18ca5660892dccdfa256cdc95ffacd65d1d92ba763c3833b6f121a8e6da39,base,4.0,6.0,6.0,5.333,"The answer is incomplete, omits wildfires and cuts off mid‑section, limiting usefulness despite decent organization and generally accurate points."
fe9394c312c3ca05110c06ccb8784d75c83faad64612fe9efa5b56247128a460,base,7.0,5.0,7.0,6.333,"Provides a decent post with stats and tips, but some figures are dubious, lowering accuracy despite clear layout."
3d2967b2e419e1ebd9a023c39371c0bf16aea5af4ed4bbac065ecc89fe55860a,base,7.0,8.0,7.0,7.333,Provides useful basics but lacks depth and some APA thesis specifics
72c8394718026c95f42e9a554bf0711324954df515b2ce59cb5ba8c7777bbbe9,base,5.0,8.0,7.0,6.667,"The answer is well‑structured and factually accurate but stops short, omitting office disadvantages and leaving the response incomplete."
6fdbfccad5891aa69cd6c514fbf5e3630a9fbc3b375926112e1a3dd344b46ca1,base,0.0,0.0,1.0,0.333,The reply does not address the asked protein content of raw coconut or how to include it in a diet.
c23efb7f14006cbacb0504b40b1c108ca2f5e794794be1e5f6ccbdc95896ffc3,base,4.0,5.0,6.0,5.0,"The answer is organized but incomplete, lacking POI retrieval logic and ending abruptly, limiting its usefulness despite generally correct location setup code."
4e0187457684be88bb9ac584e40cb3ada5aefc2f974397bda593c74e261b2ac9,base,4.0,7.0,5.0,5.333,"The answer outlines a solid structure but is incomplete and cuts off mid‑section, limiting its usefulness despite generally correct information."
57c4af910955e615fc32fdc9cf0923ede56b79e698db2a80fe2595d4abc59fbe,base,3.0,2.0,4.0,3.0,"The answer is incomplete, contains several factual errors about the sites, and offers limited useful detail."
427a0ac2a4b6b4222ea69dafb177fb5169767d468ae9077f78568bdddd8e9dd0,base,4.0,3.0,5.0,4.0,"The tutorial is partially clear but incomplete, contains factual inaccuracies about Snapchat features, and omits key sections like visibility tips and measurement guidance."
7e463af17ac15728681dd921133bac907145df599966cb4d1787ccff475c2334,base,3.0,4.0,7.0,4.667,"The answer is clear but omits nutritional info, uses non‑root ingredients and almond milk, violating the user’s constraints."
92e39542cae21d9e36033383416d036f17ea9fe36cb29de182d0d70ddc9f5ce7,base,5.0,6.0,5.0,5.333,"Provides a partial example but is incomplete, lacks comprehensive coverage and reminder setup, limiting usefulness"
e96172eb3132cdacf6941fc1fd4b4f13ce6a76f5f5e84bddb89e4c6a8840e69d,base,4.0,7.0,6.0,5.667,"The answer is incomplete and omits key details, reducing usefulness despite being generally accurate and reasonably clear."
dd9429b959e20922a6ac1b0093d1279a77ec9db58120a772d8164a916f1e0d0f,base,9.0,9.0,9.0,9.0,Provides the exact requested figures accurately and concisely
84ce4bee02b6058b47f4b4679330da9f6b968174d0ee17583470da2af435a241,base,8.0,9.0,9.0,8.667,"It correctly states the 45% figure and offers a clear, well‑structured analysis of its impact, though the depth is solid but not exceptional."
fbc21922edf0ec81f212a145212b8681057af61ed6f6e9c38a11efd64dde123f,base,3.0,5.0,5.0,4.333,"The answer is incomplete, missing major sections and interventions, and provides only partial evidence, limiting its usefulness"
26c060c8ec7f8d1b20f11bbf35ccd0acb18fa3ba11324094517e8b4928701079,base,8.0,9.0,8.0,8.333,"The response provides a well‑structured, emotionally appropriate letter that meets the prompt, with no factual issues, though it’s slightly generic."
25ef3383c07dc31074e7a1dcb633a7268b80f006e2039a2893fa3dcd7cec3993,base,9.0,9.0,9.0,9.0,"The response provides a correct, complete, and clearly explained Bash script that meets all the specified requirements."
346a1a6a7fdcafdc9a25cab44a26f0b392eda0b8cb01fac9595ae4c2436070f0,base,5.0,7.0,7.0,6.333,"The answer provides a minimal, generic overview that touches on operators and job scheduling but lacks the detail expected for a useful summary."
4703c130253eec6e77ce4f730e7f0a701e42918033a58dfd7f90863828424944,base,9.0,9.0,9.0,9.0,"Provides a clear, correct, well‑commented solution that meets the prompt, though the prime check isn’t the most optimal for extremely large ranges"
c27cd05d040cedf9feee13ae4561d47caf7ed8cfd7514a46ff60d576150ed929,base,4.0,7.0,6.0,5.667,"The answer is incomplete, missing several requested sections, though the parts provided are mostly accurate and readable."
3c012991435ead508b264be6ea6668dfdfc073c11e9ffd26aaa671df7f02989e,base,8.0,8.0,7.0,7.667,"Provides a useful checklist with relevant details, mostly accurate, but is slightly incomplete and could be better organized."
c30b6fb1f7330e1c01301f057d41634062ee2597cda4f9c5db191d62ed7ef409,base,4.0,7.0,7.0,6.0,Provides generic advice but lacks the specific location info requested
7307b9adc3eff64e5c28a83c68e94a5d1a61bdbadf7e88771ba4a13382d8e210,base,8.0,9.0,7.0,8.0,"Provides the correct figure and extra context, but includes unnecessary text and slightly messy formatting"
8113f1e24ecc04e3be0dd5a46b351b27f52f03e3020219805551ec941f90b613,base,8.0,9.0,7.0,8.0,"Useful, accurate advice but the answer ends abruptly, hurting overall clarity."
a7a0024b15b18c683802986fb07899353d38f57008bd63fb0969a0068e2d292f,base,7.0,9.0,8.0,8.0,"The answer gives a clear, well‑structured overview of poker mechanics but is cut off before completing the explanation."
6e0c5c03a4d693ef0a1d0c7b47594da8dc224f7550c20b4368fd5aaa39756cfe,base,5.0,8.0,5.0,6.0,"The story starts well but is cut off, leaving the protagonist's development and resolution unfinished, reducing its usefulness and clarity."
0266c8cea981f8702d5375b0cae45435accab39bd1479ac7889b3089c7f0dcf9,base,8.0,9.0,9.0,8.667,"The answer directly addresses the comparison, accurately reflects the source text, and is well‑structured, though it could include a bit more depth on Instagram’s advantages."
69f8b9f48a2c23b80bdfca6dc0d98e01a118e116e3138793c7de22559048ad20,base,2.0,2.0,7.0,3.667,"The response fails to paraphrase only the first sentence concisely and adds unrelated content, though it is clearly written."
f971b4c24456fc71a0431aa92af0bb29a38261c158640df2ab4b2cccbbe17230,base,2.0,2.0,3.0,2.333,"The response does not address the specific comparison asked and provides unrelated, inaccurate information."
f8e9393675264dc6ba7194ece319646d2623d506fcb514d4d07d33367cb94d80,base,3.0,5.0,4.0,4.0,"The answer is incomplete and fails to meet the request, providing only a fragment of the script."
0664853fc201b8c252ec04ea76f0f5ba07e6bbf47e134a1e054ed2058c41096c,base,2.0,6.0,5.0,4.333,"The answer is incomplete, covering only tundra and part of taiga, missing most biomes and comparative analysis."
03f436b106a4bb2c95f77c2f5d2a1d71a42ace352401e74252c3c1ae3cc7dbbf,base,5.0,3.0,8.0,5.333,"The reply is clear but offers speculative paraphrase without source support, limiting its usefulness and factual accuracy."
a3935f11fe37a96af96d31a842a525bd2ef3f0c1b5aa215a7c182549722e832e,base,4.0,7.0,6.0,5.667,"The answer is cut off and incomplete, missing many steps and details, reducing its usefulness despite being generally correct and clear where present."
a0d8c8693a68190304bca1599c2d2d38b943ee6a17b063a02addccaf502697d2,base,5.0,8.0,8.0,7.0,"It correctly explains its limitations and offers useful next steps, but it doesn't provide the specific capacity or restriction details asked for."
3e14d64837587dadf817ee7f7436bbc63195875df6e46233913f614037d190eb,base,4.0,3.0,6.0,4.333,"The answer is incomplete, contains several factual errors, and omits many key genres despite being reasonably organized."
9e9711ba69f3bb2137aeda3c8797026f7ec0ffebe1f1abf279f3c1be0c029801,base,2.0,9.0,7.0,6.0,"The answer is far too short and incomplete, failing to meet length and content requirements, though the prose is clear and mostly correct."
064fa9fa9d7831b705c58f4373041dff5d0f75fcf35fba7a3ccd76afc9548b32,sft,6.0,6.0,7.0,6.333,Provides a generic interpretation but lacks specific textual support and depth.
30e3f0d52606b067a300dfcedd03e50bb13fe251199ef8ef9f9909b4be166eb2,sft,4.0,7.0,6.0,5.667,"The answer is incomplete and lacks many required details, though what is present is generally accurate and readable."
d0b8875d1bc67b48c0d03a5677421e1b8b35d11221764e783cecd49a0f6e8f02,sft,6.0,5.0,7.0,6.0,"Provides a relevant overview but contains factual errors and limited depth, though it is clearly organized."
3c7b53492f50079af3487bb3b25babc0c56ce8ecf93129ace5044a024ff2b13b,sft,3.0,4.0,5.0,4.0,"The response only partially follows the given recipe, adds many unrelated ingredients, and is incomplete, reducing its usefulness and accuracy."
d0e545fb9d02cba30c18ee803c10b98f5787d78feb2d3ce6c8171f33e0017b75,sft,2.0,4.0,7.0,4.333,"The reply provides a cookie recipe but omits the requested sugar amount and mismatches the prompt, making it largely unhelpful despite being clear."
38f3eb988eab340fe744d9cd48447e86376df011ce192073626eb8f4c98e94be,sft,4.0,3.0,6.0,4.333,"Provides generic code that likely doesn't match the specific widget and misstates usage, limiting usefulness and accuracy despite being readable"
7726a05ffd25a922137b07a7ccd9e78587e217df901669e10532dc12e8db8e62,sft,6.0,5.0,7.0,6.0,"Provides a basic list and benefits but lacks depth, source verification, and may contain inaccurate figures."
45a804f94f83af5948685fb03f1d3662b1d54aca2ee081f7ed84115669ae18b9,sft,5.0,6.0,7.0,6.0,Provides a generic overview but lacks specific details linking the app's features to each profession
1ff7ca762eb8ff8d461a1403457b5f71bfb4bc24542072219692a71d3a66a5a8,sft,2.0,3.0,5.0,3.333,It fails to provide a simpler paraphrase of the requested description and misinterprets the task.
bdb56a75ff276815639235172288840d22a8d8126a0d0bdf68fdc929a18b4536,sft,8.0,9.0,8.0,8.333,"Answers the question with relevant details and is accurate, but could be more concise and structured for higher impact"
bee7d0f882f3aaf51539dda79c707982d4438640c4dde91d4e61e4699099cc38,sft,5.0,7.0,7.0,6.333,"The answer mentions some benefits but omits detailed applications and future significance, offering only a superficial summary."
905488eb362f5a345f5241296719a4b2c85bc5b89bde2643b8db7ace6194c3db,sft,9.0,9.0,9.0,9.0,"Provides a concise, accurate summary of the recommended Epsom salt bath instructions."
efc9085d0490b004ad342b74c3912fd2b8ce92e280d73e8501f8d316963c9143,sft,9.0,9.0,9.0,9.0,Accurately and concisely answers both parts with clear phrasing.
fb27b8cb2950e96f78d26f5654bb0ddd4a264abb00ccc520d5511bfe535dfe6c,sft,7.0,7.0,8.0,7.333,"Provides a clear, reasonable explanation but is fairly generic and could be more specific to the department's context"
a363140123a2148353d456c302c4bf550c16bfc6268ffbd25693e3388bfd8132,sft,7.0,8.0,8.0,7.667,"Provides a solid recipe with clear steps but lacks some specific measurements and details, limiting its completeness."
5e0aef6dede6b834c36fc289d65ed75922f19369c16b3680a474483a381bb60e,sft,7.0,8.0,8.0,7.667,"Provides relevant methods with clear bullet points, but lacks depth and nuance for a top‑tier answer"
9040f51c1e579979b013e33ea071fef7335c1f77fb234984e0b6d315e1cccc4c,sft,9.0,10.0,9.0,9.333,"Provides complete, correct code with comments and test cases, clearly presented"
7663a98d3e0037e22a89721b9768c4c3433f399ee75b4ee83b43e28daa2a7af1,sft,5.0,4.0,6.0,5.0,"The answer gives a vague overview, omits key steps like proposal writing and marketing, and incorrectly describes peer review for popular science books."
60e20b10a2f79212779b207bc0c34b130c95080cb1c7156edb55a1cd5315e1f1,sft,9.0,9.0,9.0,9.0,Accurately lists all figures and committees with clear formatting
765f19aee03e75d1da6a096c653d31c66c0e8c578de5f8be9d63985c1a6e9759,sft,5.0,7.0,7.0,6.333,The guide is useful but incomplete and lacks depth on targeting specifics
3e4888a9efb6f96bf104b2b4768d9d049ae1e2cc2067d7032fabacbb79d6945f,sft,8.0,9.0,8.0,8.333,"Accurately summarizes scope and LEED Gold goal, but could be more concise and detailed"
0e22e3f558993a53266ccf89593ded047dd356c41432c535acbf757fe60685b5,sft,3.0,2.0,6.0,3.667,"Provides code but incorrectly claims Dijkstra handles negative edges, which is factually wrong and unhelpful for the request."
451afe34fc572bfa5e1ae515f13c37c742ec457ed9462ebcaf89b0c8c4a3da40,sft,7.0,8.0,8.0,7.667,Provides a usable template but is generic and lacks specific depth or customization
0971464c23b2bf580fd0cf6864eeb2863783fbb6cd476727f2cf05c893506581,sft,4.0,6.0,6.0,5.333,"The answer is incomplete and stops mid‑section, limiting its usefulness despite being reasonably clear and factually plausible."
b811401b346e5241401b69b401f89d1a5b42489ff1dd385112bb7c9c7fbaaca2,sft,4.0,7.0,6.0,5.667,"The response is incomplete and lacks depth, though the parts present are generally accurate and reasonably clear."
b8f0e3b5c5674ea0862019effc46e3304f79e56bc3ce86e879ae9b1fda536a39,sft,6.0,8.0,7.0,7.0,Provides a basic outline but lacks depth and detailed guidance expected for the task
428eb5008c91dbeb3596dcc60a7fe113ca237d027ddc122d600a030c15283136,sft,4.0,5.0,5.0,4.667,"The plan is poorly timed, repeats sections, lacks accessibility details, and is not well‑structured for a one‑hour session."
83b07004eab0776aa0baaff9ee35f0a4d70f00f40735a0f57c2d5c054d57e00c,sft,6.0,8.0,7.0,7.0,"Provides a generic answer that covers the requested concepts but lacks depth and personal insight, though it is factually sound and reasonably clear."
420f3fe9bb037b6648433c3abfd0a3a80629e6701633d7d76b4dc9620b3e5c54,sft,8.0,9.0,8.0,8.333,"Provides a solid overview of significance and customs, accurate but could include deeper historical context"
9fba18e0fa2272f76899085c1fcd83473e1bfa3d8b00b2b799f7a9893e2279d2,sft,9.0,9.0,9.0,9.0,"Provides a correct, functional example with clear explanation, though basic error handling is only mentioned."
5c8e04e5f48f922f57dfd0cdc2fc166c840422f2dc7d216d65f77d3de54f256a,sft,9.0,9.0,9.0,9.0,"Accurately paraphrases the press release, factually correct and clearly presented."
d9c3f0a2e2d6b8f018d7010917bb2042059759db0d97d030d09e956bbae7742e,sft,3.0,7.0,6.0,5.333,"The answer is incomplete, far short of the required length and detail, though the information given is generally accurate and readable."
f66794fbced290711686e65b00c5e152eb5689fd87360de579d9009b924231fa,sft,5.0,3.0,6.0,4.667,The response provides a rough script but contains several technical errors and lacks a reliable method for automatic daily updates.
5934f8e7a68db842a8185f20318e3ab80a392241d0b41217d005c435407ddbdc,sft,6.0,8.0,8.0,7.333,"Provides a clear summary but cannot add details beyond the given passage, limiting usefulness."
119598e17899976d3bd01029d5248660b3ae242da836ae5640261faa85f56472,sft,6.0,8.0,7.0,7.0,"Provides a basic overview but lacks depth and specific development contexts, though it is factually correct and clearly written."
7f6eb4abe94677839292e5b69e8063814155e907229978a2b796ec1bf66f95bf,sft,5.0,6.0,7.0,6.0,Answer is clear but overly generic and lacks the depth and specific examples expected for the question
8167ce1423d95a2056983d984b6a80e4e9af0cd06878d2960c011266a7fcbe5a,sft,4.0,6.0,7.0,5.667,"The response is vague, lacks data, sources, and concrete recommendations, limiting its usefulness despite being reasonably clear."
4f17d4ec7122f8fb79cbfdb3a431ed953d54c45257b32ebc166d67cb1308a392,sft,4.0,3.0,6.0,4.333,"Provides a list but includes inaccurate locations and lacks detailed venue-specific info, reducing usefulness despite decent formatting"
e33c2acab0750fb055db77abb52a8f7dd9dc7d3433abf206c5efdc0efd410c19,sft,3.0,6.0,5.0,4.667,"The answer is incomplete, uses placeholders instead of actual content, and lacks the required length and visuals, though it is reasonably clear and factually safe."
ebe9d02693cfb7982d0ec85e0f12f239c4433dd426a9b06d3bc0380b4ba4f70c,sft,5.0,5.0,6.0,5.333,"The reply gives a vague overview with limited depth and some oversimplifications, offering modest clarity but lacking detailed, accurate cultural context."
2c562f3dfbeea2e817551593ddb63095f74fd0d7eee238b66dc15eee6d4fd85d,sft,6.0,5.0,6.0,5.667,"Provides a basic script but lacks robust error handling, data cleaning, and detailed comments, limiting its usefulness."
2bc92d73ac5bb00a3dbcdf5cf82c16ac48f1d6129689663b587499d13b81ccfd,sft,2.0,5.0,4.0,3.667,"The answer is incomplete and lacks detail, providing only a brief outline without the requested comprehensive plan."
f7850f8da6cd76cddcf77a5b9cd16f2f8a3206eb6a521aa9c097af3ef05fa4b4,sft,5.0,6.0,6.0,5.667,"The response provides a useful checklist but is incomplete and lacks timing details, reducing its overall usefulness."
a46895655983a2a15c87ec9300dceed141d1ca95db02a981dc78b5c755c0fde4,sft,9.0,9.0,9.0,9.0,"Provides a direct, accurate answer with clear, concise description."
04ad7c871f796a4f3d7317feb860ac4629c73ac1fcaa22be2475249bfa6b6fc3,sft,8.0,9.0,7.0,8.0,"Provides a correct, relevant summary but is brief and could be better organized"
906e4b39a22f06b2d4b6c13713820379d97ef2f3b1f51061069813880e23ccac,sft,7.0,9.0,9.0,8.333,"Provides core info but omits some details on current projects, limiting completeness."
2d0aa72d42a4d2da23cc7675d45b8891af5559112d30eec796b92b821a33bcc8,sft,0.0,0.0,2.0,0.667,The response does not address the question about the Dodgers and Padres head‑to‑head results and is largely unrelated.
f10b352e528fa309d360f0d9a479c4dd34521f74aaf0a9b509b01d8c447b3a8e,sft,6.0,8.0,7.0,7.0,"Provides a basic summary but omits several specifics from the source, limiting its usefulness"
5de80eee1c78ac30688d81dbfdd7518c9ca7eff897f28b46468ad31b17d1bab4,sft,5.0,7.0,8.0,6.667,Provides a high-level feature list but lacks concrete design or implementation details requested.
42a80642400729dfcbd26faab2cc9d3cc96302d2b90e473f67d7e393a82a0d72,sft,8.0,9.0,9.0,8.667,"Provides a suitable, clear dialogue that meets the prompt, though it could be more varied or detailed"
d37d1aa1ec63d0903173f3e5fd6078a1796d1cf8d4f9063b3d1c0e1033a1fd6e,sft,6.0,5.0,7.0,6.0,Provides some useful tips but includes inaccurate advice and lacks depth.
b51a3181b52d41726cd6d3a01520df8e86a67c3bc08870393741e4a6bae71465,sft,5.0,6.0,6.0,5.667,"The essay is incomplete and only partially addresses the prompt, limiting its usefulness despite being generally accurate and readable."
a59556ee84809859114cb97a7aeb272f1471d2607464f117e070d7933a0b3b58,sft,3.0,7.0,5.0,5.0,"The story is incomplete, lacks depth, background, and a satisfying conclusion, though it is mostly coherent."
4e4bb9f0c55b6af58fa5f0fdd7ddf5b94d817d12bb9a25cfff0bfe80242f9478,sft,5.0,4.0,6.0,5.0,Provides a basic comparison and examples but includes inaccurate or vague campaign details and lacks depth.
20552617cb7d7239ffa52d4f3951bd64982bd0f28bb17513812a225c09044484,sft,6.0,7.0,8.0,7.0,Provides a generic summary but lacks specific reference to the poem’s imagery and nuance.
350e5980c91447aeb30a0ffdd818aff290f9f64cc2921210967a85b908fdb6a8,sft,7.0,9.0,9.0,8.333,"Good summary and clear, but omits some details like varnish, signature, and mandala context, limiting completeness"
27e3816f78ed59a50ee343d6c7a751e2404e233e7bd7a7f327751f1556de0eee,sft,6.0,7.0,7.0,6.667,"Provides a basic recipe but is incomplete, cuts off early, and lacks some detail and precision."
65a978a58088e0aa03d392da9536ee1cc5a4c6d418896942501a0026938f5f53,sft,3.0,8.0,6.0,5.667,"The lyrics are generic, lack vivid imagery and emotional depth requested, though they are structurally clear and factually fine."
2f4ec066a17cae0a07b908eb451e3f70ca569a5dd77da271861643581f91dcdf,sft,7.0,8.0,8.0,7.667,Provides a useful but basic usage suggestion; accurate and clear but not especially detailed or innovative.
69706549bd0566ce93d482016449b3f46fedf9a4a334dbc7c0b73fe92d574d78,sft,8.0,9.0,9.0,8.667,"Provides relevant solutions with explanations, generally accurate and clearly organized, though somewhat generic."
c7a8ae753773498dd78064756e300ac623e21ce5db20e1e4746c50aa3bb582c8,sft,7.0,8.0,7.0,7.333,"Provides a solid, engaging post with features, benefits, promo and hashtags, but lacks photo cues and could be more polished"
3087b530ae6fc98c664b93c19c9781cb4cfff8579f78ba948924a0d30b091512,sft,6.0,6.0,7.0,6.333,"Provides a reasonable answer but relies on generic examples not directly cited, limiting depth and accuracy."
dc8e74a280e75266560df70f4a6e95909e5997dbaf4341f7fc376a10ca8c6f74,sft,5.0,7.0,6.0,6.0,"Provides relevant points but is incomplete and lacks depth, limiting its usefulness"
b4eb413353ec32d622e12e9b4e099735f0d004dd0c6e6dd99e2d7d9327d7b6af,sft,7.0,9.0,8.0,8.0,"Provides relevant styling ideas for both settings, factually sound, but could be more detailed and better organized."
0fc18ca5660892dccdfa256cdc95ffacd65d1d92ba763c3833b6f121a8e6da39,sft,7.0,9.0,8.0,8.0,"Provides a solid, organized overview of impacts but lacks depth and specific examples to be outstanding"
fe9394c312c3ca05110c06ccb8784d75c83faad64612fe9efa5b56247128a460,sft,6.0,6.0,7.0,6.333,Provides useful tips and stats but lacks infographic detail and some figures are questionable.
3d2967b2e419e1ebd9a023c39371c0bf16aea5af4ed4bbac065ecc89fe55860a,sft,4.0,5.0,6.0,5.0,Provides generic advice but contains inaccuracies and lacks depth for APA 6th thesis citations
72c8394718026c95f42e9a554bf0711324954df515b2ce59cb5ba8c7777bbbe9,sft,8.0,9.0,9.0,8.667,"Provides a clear, accurate list of pros and cons for both settings, though could include more nuance or data for higher distinction."
6fdbfccad5891aa69cd6c514fbf5e3630a9fbc3b375926112e1a3dd344b46ca1,sft,3.0,2.0,4.0,3.0,"Provides inaccurate protein amount and vague diet advice, missing key details from the source material"
c23efb7f14006cbacb0504b40b1c108ca2f5e794794be1e5f6ccbdc95896ffc3,sft,5.0,6.0,6.0,5.667,"Provides a partial, incomplete example and lacks full implementation details"
4e0187457684be88bb9ac584e40cb3ada5aefc2f974397bda593c74e261b2ac9,sft,5.0,7.0,6.0,6.0,"Provides basic advice but lacks detail, specificity, and is incomplete, limiting its usefulness"
57c4af910955e615fc32fdc9cf0923ede56b79e698db2a80fe2595d4abc59fbe,sft,4.0,3.0,6.0,4.333,"The answer lists attractions but contains several factual errors and omissions, reducing its usefulness despite being clearly written."
427a0ac2a4b6b4222ea69dafb177fb5169767d468ae9077f78568bdddd8e9dd0,sft,4.0,5.0,6.0,5.0,"The tutorial is superficial, contains inaccuracies about Snapchat features, and lacks the detailed, visual guidance requested."
7e463af17ac15728681dd921133bac907145df599966cb4d1787ccff475c2334,sft,9.0,8.0,9.0,8.667,"Provides a complete, clear recipe with instructions and nutrition, though nutritional estimates could be more precise"
92e39542cae21d9e36033383416d036f17ea9fe36cb29de182d0d70ddc9f5ce7,sft,4.0,6.0,7.0,5.667,"Provides a basic outline but misses many required details like specific dates, formats, channels, audience segmentation, keywords, and scheduling reminders."
e96172eb3132cdacf6941fc1fd4b4f13ce6a76f5f5e84bddb89e4c6a8840e69d,sft,5.0,6.0,7.0,6.0,"The reply is generic and repeats the prompt without providing concrete insights or detailed analysis, limiting its usefulness."
dd9429b959e20922a6ac1b0093d1279a77ec9db58120a772d8164a916f1e0d0f,sft,9.0,9.0,9.0,9.0,Provides the exact requested figures accurately and concisely.
84ce4bee02b6058b47f4b4679330da9f6b968174d0ee17583470da2af435a241,sft,7.0,9.0,9.0,8.333,"Provides the correct 45% figure and a clear, though brief, explanation of its impact"
fbc21922edf0ec81f212a145212b8681057af61ed6f6e9c38a11efd64dde123f,sft,5.0,4.0,6.0,5.0,"The response is incomplete, offers limited evidence and vague citations, reducing its usefulness and accuracy despite decent organization."
26c060c8ec7f8d1b20f11bbf35ccd0acb18fa3ba11324094517e8b4928701079,sft,8.0,9.0,9.0,8.667,"The letter fulfills the request well, is accurate and clearly written, though not exceptionally original."
25ef3383c07dc31074e7a1dcb633a7268b80f006e2039a2893fa3dcd7cec3993,sft,8.0,7.0,8.0,7.667,Provides a functional script but counts all entries not just files and could be more robust.
346a1a6a7fdcafdc9a25cab44a26f0b392eda0b8cb01fac9595ae4c2436070f0,sft,5.0,7.0,7.0,6.333,"The reply is vague and lacks detail about the video’s specific steps, though it is generally correct and clear."
4703c130253eec6e77ce4f730e7f0a701e42918033a58dfd7f90863828424944,sft,9.0,9.0,9.0,9.0,"Provides correct, efficient code with clear comments and meets the prompt requirements"
c27cd05d040cedf9feee13ae4561d47caf7ed8cfd7514a46ff60d576150ed929,sft,6.0,7.0,7.0,6.667,"The guide covers most requested points but is incomplete, lacks illustrations, and stops abruptly, limiting its usefulness."
3c012991435ead508b264be6ea6668dfdfc073c11e9ffd26aaa671df7f02989e,sft,7.0,9.0,8.0,8.0,"Provides a broad checklist with stretch and hydrate points but adds extraneous items, reducing focus on the specific request."
c30b6fb1f7330e1c01301f057d41634062ee2597cda4f9c5db191d62ed7ef409,sft,4.0,6.0,7.0,5.667,Provides generic advice but lacks specific info about where to find the animated strip or detailed support options
7307b9adc3eff64e5c28a83c68e94a5d1a61bdbadf7e88771ba4a13382d8e210,sft,0.0,0.0,0.0,0.0,"The response fails to answer the question, provides an incorrect and nonsensical answer, and is not clear."
8113f1e24ecc04e3be0dd5a46b351b27f52f03e3020219805551ec941f90b613,sft,7.0,8.0,7.0,7.333,Provides relevant advice but lacks depth and specific actionable details
a7a0024b15b18c683802986fb07899353d38f57008bd63fb0969a0068e2d292f,sft,6.0,5.0,7.0,6.0,Provides a basic overview of Tetris mechanics but includes inaccuracies and lacks depth.
6e0c5c03a4d693ef0a1d0c7b47594da8dc224f7550c20b4368fd5aaa39756cfe,sft,4.0,6.0,5.0,5.0,"The story is generic, incomplete, and lacks vivid, symbolic detail, though it is mostly clear and factually fine."
0266c8cea981f8702d5375b0cae45435accab39bd1479ac7889b3089c7f0dcf9,sft,8.0,9.0,9.0,8.667,Accurately summarizes the comparison points but could include more nuance
69f8b9f48a2c23b80bdfca6dc0d98e01a118e116e3138793c7de22559048ad20,sft,1.0,1.0,5.0,2.333,"The response fails to paraphrase the requested first sentence and misrepresents the text, offering irrelevant content."
f8e9393675264dc6ba7194ece319646d2623d506fcb514d4d07d33367cb94d80,sft,3.0,6.0,5.0,4.667,"The answer is incomplete, missing most of the required structure and details, though the portion provided is reasonably clear."
03f436b106a4bb2c95f77c2f5d2a1d71a42ace352401e74252c3c1ae3cc7dbbf,sft,7.0,6.0,8.0,7.0,Provides a clear paraphrase but may not accurately reflect the article's actual argument.
a0d8c8693a68190304bca1599c2d2d38b943ee6a17b063a02addccaf502697d2,sft,2.0,7.0,6.0,5.0,"The reply fails to answer the question and merely asks for more info, offering little utility."
064fa9fa9d7831b705c58f4373041dff5d0f75fcf35fba7a3ccd76afc9548b32,dpo,5.0,5.0,7.0,5.667,"The answer gives a vague interpretation without engaging the specific lines, so it’s only moderately clear but not very helpful or accurate."
30e3f0d52606b067a300dfcedd03e50bb13fe251199ef8ef9f9909b4be166eb2,dpo,4.0,6.0,5.0,5.0,"The response is incomplete and lacks detailed, actionable content, reducing its usefulness despite being generally accurate and organized."
d0b8875d1bc67b48c0d03a5677421e1b8b35d11221764e783cecd49a0f6e8f02,dpo,6.0,5.0,8.0,6.333,Provides a clear list but contains some factual errors and limited depth.
3c7b53492f50079af3487bb3b25babc0c56ce8ecf93129ace5044a024ff2b13b,dpo,3.0,4.0,5.0,4.0,"The response provides an unrelated ingredient list and steps, deviating from the given recipe and contains inaccuracies."
38f3eb988eab340fe744d9cd48447e86376df011ce192073626eb8f4c98e94be,dpo,5.0,6.0,7.0,6.0,Provides generic steps but misses key details like URL replacement and specific scrolling speed instructions
7726a05ffd25a922137b07a7ccd9e78587e217df901669e10532dc12e8db8e62,dpo,6.0,5.0,7.0,6.0,Provides a basic list and benefits but lacks reliable data and depth.
45a804f94f83af5948685fb03f1d3662b1d54aca2ee081f7ed84115669ae18b9,dpo,4.0,6.0,6.0,5.333,It gives a generic overview but fails to explain specific uses for each listed profession.
1ff7ca762eb8ff8d461a1403457b5f71bfb4bc24542072219692a71d3a66a5a8,dpo,2.0,3.0,5.0,3.333,It fails to provide a simpler paraphrase of the requested description and misinterprets the task.
